{
    "Games" : {
        "StreetFighterV" : {
            "Characters" : [
                {
                    "Name"  : "Ryu",
                    "MOVES" : []
                },
                {
                    "Name"  : "Chun-Li",
                    "Moves" : []
                },
                { 
                    "Name"  : "Nash",
                    "Moves" : []
                },
                { 
                    "Name"  : "Cammy",
                    "Moves" : []
                },
                { 
                    "Name"  : "Birdie",
                    "Moves" : []
                },
                { 
                    "Name"  : "R. Mika",
                    "Moves" : []
                },
                { 
                    "Name"  : "Ken",
                    "Moves" : []
                },
                { 
                    "Name"  : "Necalli",
                    "Moves" : []
                },
                { 
                    "Name"  : "Vega",
                    "Moves" : []
                },
                { 
                    "Name"  : "R. Mika",
                    "Moves" : []
                },
                { 
                    "Name"  : "Rashid",
                    "Moves" : []
                },
                { 
                    "Name"  : "Karin",
                    "Moves" : []
                },
                { 
                    "Name"  : "Zangief",
                    "Moves" : []
                },
                { 
                    "Name"  : "Laura",
                    "Moves" : []
                },
                { 
                    "Name"  : "Dhalsim",
                    "Moves" : []
                },
                { 
                    "Name"  : "F.A.N.G",
                    "Moves" : []
                },
                { 
                    "Name"  : "Alex",
                    "Moves" : []
                },
                { 
                    "Name"  : "Guile",
                    "Moves" : []
                },
                { 
                    "Name"  : "Ibuki",
                    "Moves" : []
                },
                { 
                    "Name"  : "Balrog",
                    "Moves" : []
                },
                { 
                    "Name"  : "Jury",
                    "Moves" : []
                },
                { 
                    "Name"  : "Urien",
                    "Moves" : []
                },
                { 
                    "Name"  : "Akuma",
                    "Moves" : []
                },
                { 
                    "Name"  : "Kolin",
                    "Moves" : []
                },
                { 
                    "Name"  : "Ed",
                    "Moves" : []
                },
                { 
                    "Name"  : "Abigail",
                    "Moves" : []
                },
                { 
                    "Name"  : "Menat",
                    "Moves" : []
                },
                { 
                    "Name"  : "Zeku",
                    "Moves" : []
                },
                { 
                    "Name"  : "Sakura",
                    "Moves" : []
                },
                { 
                    "Name"  : "Blanka",
                    "Moves" : []
                },
                { 
                    "Name"  : "Falke",
                    "Moves" : []
                },
                { 
                    "Name"  : "Cody",
                    "Moves" : []
                },
                { 
                    "Name"  : "G",
                    "Moves" : []
                },
                { 
                    "Name"  : "Sagat",
                    "Moves" : []
                },
                { 
                    "Name"  : "Kage",
                    "Moves" : []
                },
                { 
                    "Name"  : "E. Honda",
                    "Moves" : []
                },
                { 
                    "Name"  : "Lucia",
                    "Moves" : []
                },
                { 
                    "Name"  : "Poison",
                    "Moves" : []
                },
                { 
                    "Name"  : "Gill",
                    "Moves" : []
                },
                { 
                    "Name"  : "Seth",
                    "Moves" : []
                }
                
            ] 
        },
        "DragonballFighterZ" : {

        }
    }
}